<?xml version="1.0" encoding="UTF-8"?>
<student-list>
	<student>
		<name> ali </name>
		<course-list>
			<course>
				<name> operating system </name>
				<score> 13 </score>
			</course>
			<course>
				<name> algorithm </name>
				<score> 9 </score>
			</course>
			<course>
				<name> database </name>
				<score> 12 </score>
			</course>
		</course-list>
	</student>
	<student>
		<name> hasan </name>
		<course-list>
			<course>
				<name> os lab </name>
				<score> 20 </score>
			</course>
			<course>
				<name> database </name>
				<score> 4 </score>
			</course>
			<course>
				<name> algorithm </name>
				<score> 6 </score>
			</course>
		</course-list>
	</student>
	<student>
		<name> taghi </name>
		<course-list>
			<course>
				<name> internet engineering </name>
				<score> 20 </score>
			</course>
			<course>
				<name> operating system </name>
				<score> 15 </score>
			</course>
			<course>
				<name> network </name>
				<score> 16 </score>
			</course>
		</course-list>
	</student>	
	<student>
		<name> aliakbar </name>
		<course-list>
			<course>
				<name> algorithm </name>
				<score> 12 </score>
			</course>
			<course>
				<name> automata </name>
				<score> 12 </score>
			</course>
			<course>
				<name> literature </name>
				<score> 11 </score>
			</course>
		</course-list>
	</student>
</student-list>
